epoch,time,train/box_loss,train/cls_loss,train/dfl_loss,metrics/precision(B),metrics/recall(B),metrics/mAP50(B),metrics/mAP50-95(B),val/box_loss,val/cls_loss,val/dfl_loss,lr/pg0,lr/pg1,lr/pg2
1,8.87427,1.94064,3.60066,2.03109,0.00435,0.53571,0.07561,0.03155,1.99881,3.99727,2.05658,0.00011669,0.00011669,0.00011669
2,21.5219,1.77699,3.3727,1.87517,0.00518,0.67857,0.10945,0.045,2.00114,3.81788,2.00306,0.000233547,0.000233547,0.000233547
